<?xml version="1.0" encoding="utf-8"?>
<layer-list xmlns:android="http://schemas.android.com/apk/res/android" xmlns:app="http://schemas.android.com/apk/res-auto" xmlns:aapt="http://schemas.android.com/aapt">
    <item>
        <inset>
            <shape android:shape="rectangle">
                <corners android:radius="100dp"/>
                <padding android:left="2dp" android:top="2dp" android:right="2dp" android:bottom="2dp"/>
                <solid android:color="#2e3589"/>
            </shape>
        </inset>
    </item>
    <item android:drawable="@mipmap/ic_launcher_round"/>
</layer-list>
